MEDIDOR,lectura_id_orig,voltajeA,voltajeB,voltajeC,corrienteA,corrienteB,corrienteC,angvoltajeA,angvoltajeB,angvoltajeC,angcorrienteA,angcorrienteB,angcorrienteC,powerfactorsystem,totalkwh,totalkvarh,Maxkw,Maxkvar,frecuencia,Latitud,Longitud,kwh_consumido,kvarh_consumido,clasificacion_encoded,modelo_encoded,tipo_consumo_encoded,kwh_hora,dayMonth,dayNumber,Lunes,Martes,Miercoles,Jueves,Viernes,Sabado,Domingo,ClustersConsumoDias,CLASIFICACION
15029835,1289411.1520618557,126.67300489690716,125.50579432989689,127.52293530927841,0.13610335051546357,0.09863067010309272,0.12959020618556713,0.0,240.0,120.0,104.40406494845357,242.773723969072,96.27222190721658,0.8296275773195871,42543.408355670115,11601.78034278351,21.65950515463921,21.65950515463921,59.999705412371114,-1.5684499999999935,-79.47330000000056,2.8758788659793635,0.9069278350515626,7.0,0.0,0.0,1.4316705421409397,18.234536082474225,3.0283505154639174,0.6144310344828008,3.117750000000412,2.2142941176468467,1.1788421052629579,0.569089285714134,3.423827586207059,9.06262499999983,1,IGLESIA
15029844,1290868.1653116532,274.7618986449864,270.71774525745246,272.3199398373985,0.06495447154471536,0.051417886178861776,0.07281246612466118,0.0,120.08130081300813,239.91869918699186,49.93185501355006,121.84762168021676,243.98168184281855,0.7864672086720867,25390.780422764212,13754.344796747964,98.23863414634083,98.23863414634083,59.999388617886154,-1.6280100000000082,-79.5565999999999,6.845073170731694,4.454178861788649,2.0,0.0,0.0,3.348749230070478,18.276422764227643,3.024390243902439,4.7993454545454535,4.751142857143016,4.974499999999959,7.119599999999958,7.892000000000017,8.1342692307693,9.922301886792205,1,ESTACION DE BOMBEO
15029847,1289051.9971428572,124.16779714285713,124.75045142857144,123.41688914285713,0.5078205714285721,0.46285600000000005,0.5037897142857146,0.0,240.0,120.0,200.10488257142853,227.985414,139.01496857142857,0.9374005714285706,209374.5104571429,21497.128697142853,32.204365714285885,32.204365714285885,59.99386200000002,-1.799189999999997,-79.5334000000002,26.557457142857103,2.1585428571429346,11.0,0.0,0.0,12.857209285114669,18.225714285714286,3.0085714285714285,31.914346153845635,35.619702127661206,32.39450000000094,35.75635294117748,25.735811320754024,12.024367346937355,12.594719999998924,1,BANCO
15029977,1292393.536159601,265.98951346633385,268.2386665835411,263.8450720698255,0.6689531172069821,0.7215775561097271,0.6560201995012463,0.0,240.0,120.0,26.21574264339152,251.93704463840413,132.2439301745635,0.9304496259351619,100175.59591271824,59869.556446384064,47.736718204488646,47.736718204488646,59.99849451371573,-1.4437899999999968,-79.76280000000037,30.488094763092437,18.685167082294175,2.0,0.0,0.0,15.527461777699196,18.32418952618454,3.0049875311720697,32.62888524590106,30.278464285715277,31.367134615384902,32.91708620689641,29.36298305084766,30.866781818181465,26.15665000000081,1,ESTACION DE BOMBEO
15842885,1290802.0828877005,247.65148395721914,0.0,0.0,17.338954545454563,0.0,0.0,0.0,0.0,0.0,147.5744652406418,0.0,0.0,0.0,71723.14038128342,36638.84306925138,10.236882352941238,10.236882352941238,60.001283422459856,-1.7984300000000104,-79.52699999999923,7.565472192513263,1.624783155080264,19.0,0.0,0.0,3.71769954690732,18.27005347593583,3.0481283422459895,10.388405454545335,10.753175510204343,8.582652000000234,10.439022222222034,7.291314545454489,4.535831578946958,1.4595222222218311,1,VENTA DE AGROQUIMICOS
15842894,1291768.3243967828,250.1644209115278,0.0,0.0,42.2747238605898,0.0,0.0,0.0,0.0,0.0,32.57031367292231,0.0,0.0,0.0,130304.89512707776,57957.927485522785,22.96894262734584,22.96894262734584,60.00057104557644,-1.848119999999995,-79.5505000000004,17.281808042895264,6.498128686327048,1.0,0.0,0.0,8.54783654428119,18.300268096514746,3.0241286863270775,20.674896428571238,17.57877551020439,16.949911764705913,19.223463461539023,17.575968421052572,25.19343818181766,3.3099113207533932,1,ENTIDAD PRIVADA
16567743,1287746.5,130.4074957865168,131.1770224719103,129.72007499999992,0.5371842696629207,0.1237455056179779,0.6522196629213469,0.0,240.0,120.0,150.31988792134837,241.69719438202247,91.57699971910117,0.8281511235955055,45372.813632022466,3779.366249999997,25.58676404494366,25.58676404494366,59.99967724719098,-1.7977700000000112,-79.53059999999928,9.36232584269654,0.3829803370786539,8.0,0.0,0.0,4.604325810893134,18.185393258426966,3.0280898876404496,7.383396226414814,7.582437499999894,7.631933333333291,8.2089622641513,7.691833333333138,17.199113207547168,9.445739999999642,1,COMERCIAL
16567746,1288365.0714285714,136.52830857142854,135.67705228571424,137.4855097142857,1.400008857142858,1.308677142857144,1.4283537142857143,0.0,120.0,240.0,35.38543599999997,149.91098142857135,98.26464885714273,0.2764539999999999,461957.46756857104,210646.122677143,15.415474285714359,15.415474285714359,60.00022914285714,-1.7836999999999976,-79.6815999999999,12.438848571427267,7.976845714285987,2.0,0.0,0.0,5.986971352807715,18.205714285714286,3.0142857142857142,11.472792452826155,12.274933333334047,13.362326086959397,13.49522222221842,11.599584905658014,12.163560000000288,12.791877551018546,1,ESTACION DE BOMBEO
16567760,1297112.076294278,112.83643596730245,119.70364441416882,120.76896049046321,1.5227956403269753,1.0656267029972757,1.7403326975476838,0.0,120.0,240.0,31.860722888283355,152.53267356948228,269.5684564032698,0.8547408719346044,6775.384124591276,3919.2889951634884,0.6518476839237088,0.6518476839237088,60.00023324250681,-1.449949999999999,-79.76510000000033,0.8781014305177078,0.5367173705722115,0.0,0.0,0.0,0.42735776906274425,18.455040871934607,3.024523160762943,0.9324763888889046,0.8787194999999883,0.895659183673476,0.9011108490565778,0.8738331818181739,0.8540165094339689,0.8113896226415028,1,SUBESTACION
16567761,1294433.1150684932,649.1354054794521,657.0354739726025,649.3899260273973,0.5387558904109587,0.907084657534246,1.1561082191780827,0.0,240.0,120.0,25.377049315068493,271.4682734246577,146.2710369863013,0.8823852054794517,2344.154205410958,1214.921957671233,0.22867479452054598,0.22867479452054598,60.002706849315025,-1.434529999999996,-79.4658999999995,0.30211171232877077,0.1616921917808213,0.0,0.0,0.0,0.14582665151786164,18.375342465753423,3.041095890410959,0.29994545454545996,0.3132640624999965,0.31176702127660316,0.3194985576923098,0.2894758928571345,0.30702083333333713,0.27698773584907543,1,SUBESTACION
16567763,1284410.6330532213,644.5123613445385,652.6181316526606,639.3323753501401,0.9430478991596638,0.939253221288515,1.1065014005602252,0.0,240.0,120.0,22.526914285714327,265.14655238095247,138.69017927170864,0.9248294117647047,2402.8298384453788,964.4757121848736,0.2535605042016807,0.2535605042016807,59.9995904761905,-1.5579000000000076,-79.52850000000029,0.35994789915966285,0.14731848739495873,0.0,0.0,0.0,0.17227312823036497,18.095238095238095,3.008403361344538,0.3517287735849181,0.3681344999999965,0.3903616666666595,0.37941111111112386,0.3428844339622594,0.37295624999999816,0.3166394999999829,1,SUBESTACION
16951175,1291942.3842105262,107.09768236842092,106.19422578947363,105.95300578947366,0.5309589473684211,0.4908376315789471,0.20291631578947375,0.0,240.0,120.0,23.00080842105263,264.2987418421052,138.94553526315775,0.9203613157894743,1213.823040986843,528.6752494736843,0.20945526315789512,0.20945526315789512,59.99911552631579,-1.7759999999999947,-79.53710000000045,0.24648217105262982,0.10609282894736674,0.0,0.0,0.0,0.11912584723066204,18.305263157894736,3.0342105263157895,0.2362513157894714,0.25937142857142875,0.23671029411765826,0.2473459821428524,0.24064419642855991,0.2624825892857124,0.24343636363636176,1,SUBESTACION
16951176,1286641.494923858,107.06214720812179,106.22157005076139,105.89041878172578,0.7919271573604065,0.6956383248730967,0.5744220812182738,0.0,240.0,120.0,20.17478502538073,261.89493984771576,141.864055076142,0.9312994923857866,1872.6610972081205,757.3635548223341,0.7567987309644693,0.7567987309644693,60.00018807106602,-1.7759999999999931,-79.53710000000049,0.41252322335025543,0.15846167512690382,0.0,0.0,0.0,0.2006907177498776,18.15482233502538,3.0380710659898478,0.40564008620689773,0.5255480769230871,0.3945070754716996,0.41378705357143175,0.3728186440678008,0.39698606557376626,0.3888204545454507,1,SUBESTACION
16951180,1284420.7666666666,644.4285222222222,652.5938055555555,639.6487944444443,1.3107819444444448,1.41890638888889,1.4645366666666677,0.0,240.0,120.0,26.023053333333348,264.8417388888891,142.32140749999988,0.9097225000000008,3348.833913333333,1487.3534443750004,0.35728250000000017,0.35728250000000017,59.99700333333325,-1.5579000000000076,-79.52850000000029,0.5038777083333292,0.22971854166666883,0.0,0.0,0.0,0.23707476223480192,18.09722222222222,2.9972222222222222,0.5219666666666769,0.4957034999999814,0.5340191489361596,0.5266586538461454,0.49387636363637116,0.5164797169811364,0.4367923469387594,1,SUBESTACION
16951199,1293019.5585106383,672.9040000000003,673.6711569148935,678.8117765957447,0.09939547872340426,0.07978324468085111,0.10914175531914888,0.0,120.0,240.0,252.87796648936165,94.3795263297874,152.40419042553188,0.10873430851063831,160.84559800531912,29.84747273936167,0.00953537234042548,0.00953537234042548,59.99864867021275,-1.8724000000000016,-79.42180000000006,0.004982114361701768,5.984042553201164e-07,0.0,0.0,0.0,0.00232451518431908,18.335106382978722,3.0372340425531914,0.005762946428570765,0.00475000000000025,0.0058437499999991855,0.004451388888888893,0.0050960526315787106,0.005204999999999287,0.003830454545454193,1,SUBESTACION
16951201,1291747.1193181819,654.2573721590909,654.5146193181816,659.6035795454542,3.320494034090908,2.238673295454546,2.277038636363638,0.0,120.0,240.0,17.494935795454573,137.18209403409085,256.81343039772753,0.9550980113636357,7134.030731463072,2361.488733025569,0.7524426136363623,0.7524426136363623,59.994978693181814,-1.8038099999999988,-79.52160000000002,0.987391832386361,0.3066151278409111,0.0,0.0,0.0,0.4777188837479841,18.298295454545453,3.0369318181818183,0.9854117647058885,1.0219340425531862,0.9838239130434807,1.004331944444453,0.9411389423076764,1.0152735576923182,0.9610349999999744,1,SUBESTACION
16951203,1290507.0450704226,113.19126309859156,114.25745971830987,112.7744154929577,1.5866912676056337,1.5916445070422525,1.7482383098591556,0.0,120.0,240.0,131.64411436619724,12.094450985915499,255.86253239436635,0.021824788732394358,3780.8321264788765,1098.7216115492963,0.0472487323943662,0.0472487323943662,59.99430535211268,-1.8319200000000018,-79.55870000000043,0.027280774647884677,0.02064971830985945,0.0,0.0,0.0,0.013262597501689599,18.264788732394365,3.0309859154929577,0.04193365384617209,0.041834042553168825,0.03631875000000188,0.044767788461530685,0.02697877358490209,0.0005716981132056115,0.00013049999999566352,1,SUBESTACION
16951205,1288946.3522727273,113.25484857954542,114.2567613636363,112.82008607954543,1.4985670454545457,1.22430028409091,1.5389778409090906,0.0,120.0,240.0,253.8837897727273,114.0527761363635,133.11468892045446,-0.3196664772727274,5422.251049005677,1887.2857500000025,0.005897727272727274,0.005897727272727274,59.99920767045458,-1.83195999999999,-79.55870000000041,0.0,0.0,0.0,0.0,0.0,0.0,18.22159090909091,3.0198863636363638,0.0,0.0,0.0,0.0,0.0,0.0,0.0,1,SUBESTACION
16951207,1289748.0835734871,650.4102853025936,655.8434985590781,657.2191066282426,1.0233720461095095,0.8478648414985589,0.9179279538904898,0.0,120.0,240.0,25.450735734870328,138.61323717579245,267.6883314121037,0.9094553314121037,2215.7371865273763,1058.0462320605184,0.21590576368876246,0.21590576368876246,59.9991925072046,-1.7909000000000008,-79.67420000000043,0.33276116714697634,0.15019884726224564,0.0,0.0,0.0,0.15973471252901583,18.244956772334294,3.0230547550432276,0.36606750000001737,0.35194468085105557,0.3460304347826047,0.32928888888889357,0.3272455882352808,0.30491400000000796,0.3059005102040921,1,SUBESTACION
16951208,1291002.7040229884,649.4978419540225,655.3525258620692,656.8020431034486,0.16855890804597698,0.10540948275862067,0.5174568965517243,0.0,120.0,240.0,41.31229942528728,144.93382672413773,275.21064224137945,0.8152931034482757,606.2127997844826,442.2842726293103,0.06871034482758609,0.06871034482758609,60.0026879310345,-1.7907000000000064,-79.67439999999989,0.08709978448275843,0.061675431034483766,0.0,0.0,0.0,0.04138230824022902,18.28448275862069,2.9971264367816093,0.08211367924527922,0.08554531250000015,0.08603457446808553,0.09233265306122994,0.08829899999999725,0.08743701923076995,0.08822295918367226,1,SUBESTACION
16951209,1291017.5212464589,649.8554617563732,655.5914305949008,656.5209093484427,1.1621215297450425,0.6622101983002832,1.2378869688385266,0.0,120.0,240.0,26.21943342776206,145.69135835694044,267.82266798866857,0.8923745042492918,2291.5043783286114,1255.796261260623,0.3171662889518427,0.3171662889518427,59.997139093484456,-1.7907699999999958,-79.67450000000018,0.3569764164306012,0.1797390934844183,0.0,0.0,0.0,0.17419401192882525,18.28045325779037,3.028328611898017,0.37274150943396717,0.3670760869565485,0.3497771739130653,0.36035377358489057,0.3523944444444388,0.36701100000000225,0.32948088235295525,1,SUBESTACION
16951216,1288854.0604534005,385.2527473551634,385.55642191435817,197.7976483627204,0.5318236775818643,0.6062675062972295,0.6196992443324941,0.0,180.0,644.7355163727959,170.16254937027708,191.40467380352655,176.36668438287174,0.7936365239294708,113785.04812594477,39357.61781863978,45.174287153652344,45.174287153652344,59.99885037783376,-1.5683200000000068,-79.47149999999971,31.595304785894267,9.824765743072994,3.0,0.0,0.0,15.73161496995382,18.2191435768262,3.0201511335012596,23.700827586207165,29.00909433962216,38.83822222222214,31.657118644067864,39.33508474576229,39.09101694915246,18.891490909092084,1,PILADORA
16951219,1290532.8115942029,658.3976782608702,654.0522637681156,654.1429014492754,1.864361449275361,1.8764753623188413,1.0557272463768126,0.0,240.0,120.0,19.51414057971021,257.4473599999998,135.6581101449274,0.9418518840579708,6244.538350869567,2776.9786460869564,0.5599513043478298,0.5599513043478298,59.99734521739127,-1.8037100000000126,-79.52140000000043,0.6076410869565286,0.20519913043477783,0.0,0.0,0.0,0.28815765867859733,18.263768115942028,3.0405797101449274,0.6049370192308043,0.6752337209302421,0.5806711956521885,0.6226168269230794,0.5749382352941229,0.6149408653846142,0.5869117346938598,1,SUBESTACION
16951220,1289559.6175637394,653.9888526912184,654.0900481586402,659.2560736543908,2.871181303116147,3.0168558073654417,2.5997906515580738,0.0,120.0,240.0,8.819826062322953,127.59432662889512,240.64929291784702,0.9904804532577898,7084.00352677054,710.6202218838527,0.793620679886684,0.793620679886684,59.99792379603399,-1.8036200000000127,-79.52149999999973,1.0729151558073657,0.11881890934844037,0.0,0.0,0.0,0.5213004497633936,18.240793201133144,3.0056657223796033,1.128532075471738,1.2085516304347512,1.1124937500000176,1.135064150943401,1.0393075471697815,0.9866725961538543,0.9038562499999898,1,SUBESTACION
16951221,1290020.825,658.3316527777783,654.2310722222222,654.0096777777782,2.2927977777777784,1.584707777777777,1.8537480555555559,0.0,120.0,240.0,23.334970277777803,142.05948805555545,263.79776222222233,0.9189208333333331,7332.853101041666,3271.0775849999995,0.5419549999999992,0.5419549999999992,59.99830000000005,-1.8036299999999985,-79.52140000000047,0.6849352083333391,0.29633770833332845,0.0,0.0,0.0,0.335258462700612,18.252777777777776,3.0083333333333333,0.6839888888889113,0.6927515624999879,0.6917546874999706,0.7267202830188975,0.6697611111111217,0.66825694444444,0.6615474489796113,1,SUBESTACION
16951222,1287278.0455840456,658.6032136752136,654.0935384615387,653.9130455840457,1.733611965811967,0.6441729344729348,1.038266381766381,0.0,240.0,120.0,20.424577207977233,257.42433133903154,131.86902165242168,0.9524245014245019,4256.8168666666725,1490.536938461538,0.3320299145299143,0.3320299145299143,59.99991253561247,-1.8036599999999996,-79.52160000000002,0.42898482905982027,0.13302393162393014,0.0,0.0,0.0,0.20561525392010327,18.17094017094017,3.037037037037037,0.4416819444444863,0.507986931818116,0.46559333333332487,0.4697773584905591,0.4088858490565985,0.37883382352939565,0.34372647058822337,1,SUBESTACION
28006904,1299907.6077348066,244.8027624309392,0.0,0.0,2.14419889502762,0.0,1.3298342541436425,0.0,0.0,0.0,54.82596685082874,0.0,29.92154696132597,0.7888397790055247,9317.104712707182,3744.399560773483,5.730255801104983,5.730255801104983,0.0,-1.7998099999999977,-79.53529999999968,1.7509348066298358,0.5361635359116094,8.0,1.0,1.0,0.3971644550966193,18.54696132596685,2.9392265193370166,0.9667535714285285,1.1692769230769324,1.387700000000071,5.620096296296281,0.969925925925997,0.9522720000000118,1.0169458333332386,1,COMERCIAL
28877074,1297961.835897436,111.62410256410259,110.72512820512817,165.8169230769231,0.00871794871794872,0.008205128205128205,0.008205128205128205,0.0,241.01179487179505,148.04717948717948,1.317948717948718,4.671282051282051,2.814871794871795,0.04399999999999999,3000.1229343589757,2594.1631317948727,15.751252820512834,15.751252820512834,0.0,-1.835860000000005,-79.6103999999997,11.950286666666663,7.949193333333327,13.0,1.0,1.0,2.9615334199181693,18.476923076923075,3.0205128205128204,9.308313333333308,10.443087999999962,14.514553846153866,13.990089655172444,14.663496428571417,10.304220689655189,10.624571428571418,1,CULTIVOS AGRICOLAS
35924863,1287936.4972972972,246.95567567567568,0.0,0.0,26.37027027027027,0.0,26.522162162162175,0.0,0.0,0.0,26.16378378378379,0.0,183.9972972972973,0.9007567567567558,241113.4065167567,73517.41784648651,15.003440000000014,15.003440000000014,0.0,-1.8057800000000055,-79.54049999999965,22.671915135136018,7.929727027026899,18.0,1.0,1.0,5.599305238078887,18.18918918918919,3.027027027027027,30.110314285715244,33.832931999999566,30.8559840000025,33.84702399999835,19.963029629632796,10.542685714286304,1.9859259259268314,1,CENTRO DE SALUD
35924864,1290868.9550561798,244.88876404494377,0.0,0.0,1.2129213483146024,0.0,1.6134831460674175,0.0,0.0,0.0,13.80449438202247,0.0,11.760112359550563,0.7982584269662927,58975.85295280903,15706.218973033698,11.058500561797752,11.058500561797752,0.0,-1.8018299999999967,-79.53620000000006,1.389730337078546,0.2575556179775386,7.0,1.0,1.0,0.34880088438913326,18.280898876404493,3.00561797752809,0.2597407407401651,0.6062541666663795,3.316065217391398,0.9980846153854285,1.8263851851850093,0.5127888888883818,2.5179791666666156,1,IGLESIA
35924866,1296781.8988764044,247.1859550561798,0.0,0.0,13.917977528089901,0.0,14.751685393258425,0.0,0.0,0.0,65.74101123595504,0.0,138.37134831460673,0.957584269662921,219834.3503084268,39144.92921910113,21.64818764044945,21.64818764044945,0.0,-1.7989499999999956,-79.52670000000022,17.28675393258392,4.381303932584273,7.0,1.0,1.0,4.032930745787911,18.43258426966292,3.0842696629213484,12.780046428569351,11.244089999998687,14.597643478259789,8.778207407407333,19.06630000000121,14.59977142857159,38.3744666666672,1,IGLESIA
35924882,1290814.5463917525,237.06907216494838,0.0,0.0,45.70670103092782,0.0,58.00309278350518,0.0,0.0,0.0,23.87010309278352,0.0,186.65051546391737,0.8684020618556694,516356.3943711342,345144.727976804,17.77465360824747,17.77465360824747,0.0,-1.7987299999999973,-79.53319999999988,41.93664329897039,24.486604639175397,33.0,1.0,1.0,10.284043631570027,18.2680412371134,3.051546391752577,42.002960714287056,41.76268333333428,40.895396296301406,45.80527931034107,39.18375000000233,42.619913793104736,41.2334333333355,1,PANADERIA
35925134,1292366.2216494845,130.22422680412373,130.4257731958763,128.6020618556701,21.750000000000014,16.55515463917526,23.151030927835066,0.0,239.07577319587622,119.45257731958766,114.15824742268043,209.5139175257732,112.6479381443299,0.8185567010309273,877036.621309278,515265.9017984537,24.820873195876334,24.820873195876334,0.0,-1.8131000000000033,-79.54839999999977,33.556163402059425,22.051837113402367,4.0,1.0,1.0,8.288918427685685,18.314432989690722,3.0463917525773194,41.417748275859246,43.595599999995706,56.62181153846009,37.04641034482609,43.43563448275632,8.84271000000105,7.076255555549222,1,ENTIDAD PUBLICA
35925291,1285462.4597701149,114.27413793103445,113.13103448275862,112.86666666666675,0.0005747126436781609,0.0,0.0005747126436781609,0.0,239.42988505747144,120.22126436781609,0.15172413793103448,0.0,0.7839080459770116,0.4378160919540229,881901.9620120692,25353.306416666677,31.46784942528736,31.46784942528736,0.0,-1.829130000000002,-79.56600000000022,39.29223793103419,9.417901149425342,37.0,1.0,1.0,9.303994955228937,18.126436781609197,2.9942528735632186,45.14934444444737,39.10616363636324,39.309012499992,39.720992592603174,38.292315999995914,37.438358333325596,35.430796000002886,1,INGENIO AZUCARERO
35925294,1295015.7692307692,110.61263736263734,111.83351648351655,111.35989010989005,0.02527472527472527,0.017032967032967042,0.006043956043956043,0.0,119.94725274725268,240.49835164835156,23.166483516483517,20.21978021978022,15.353846153846154,0.8548351648351636,280365.2886917584,370759.81861813203,60.041830219780316,60.041830219780316,0.0,-1.448939999999995,-79.47420000000017,61.65617802197844,22.854255494505555,6.0,1.0,1.0,15.346752695996141,18.39010989010989,3.043956043956044,51.582207692305715,79.86757391304506,54.32461999999825,77.01520714285809,61.15757586206872,68.82417200000026,39.79298076923498,1,SECADORA DE MAIZ
35925308,1289567.8829787234,208.66968085106384,118.81436170212767,118.5196808510639,0.011170212765957447,0.3781914893617024,0.39680851063829814,0.0,264.62925531914897,800.8510638297872,0.4914893617021277,236.38936170212733,80.35691489361699,0.9773936170212749,465668.99663989356,369920.4911143616,20.69235585106388,20.69235585106388,0.0,-1.427770000000004,-79.46420000000023,16.46898031914935,1.626674999999368,3.0,1.0,1.0,4.139437230774479,18.24468085106383,3.0,15.278049999999764,19.905836000000125,15.810348148147265,17.420966666663944,14.075459259262532,18.9966035714294,13.90573846154103,1,PILADORA
35925506,1293255.2180851065,224.42499999999984,226.17606382978724,387.76648936170216,0.9441489361702119,0.0,0.9191489361702125,0.0,179.9718085106384,782.2393617021277,127.25212765957447,0.0,108.11595744680858,0.9362234042553187,721934.2490888298,368353.89090904285,40.770589361702235,40.770589361702235,0.0,-1.814459999999997,-79.5488000000001,96.24089148936315,28.051147872340888,2.0,1.0,1.0,23.505656066969294,18.345744680851062,3.0106382978723403,98.97598571428846,95.04762400000821,106.72374615385287,90.13200000000818,96.63675384615243,87.65806206895826,99.71602307691668,1,ESTACION DE BOMBEO
35946575,1288199.2828282828,240.36414141414153,0.0,0.0,32.061111111111096,0.0,34.316161616161615,0.0,0.0,0.0,78.820202020202,0.0,154.45656565656566,0.920808080808081,200288.4246510101,51724.24007676769,19.050208585858627,19.050208585858627,0.0,-1.7903999999999962,-79.28540000000028,21.757505555555603,9.111955050504971,16.0,1.0,1.0,5.401440647267974,18.2020202020202,3.0303030303030303,26.995693103449444,26.6506038461532,31.213414285713434,27.401982142858156,24.74466206896488,14.708583333332596,1.1468392857152918,1,ENVASADORA DE AGUA
35947190,1294744.6564885497,121.26717557251915,121.24198473282452,200.7797709923665,0.2812977099236644,0.29351145038167953,0.21870229007633615,0.0,179.98167938931294,270.1717557251911,36.917175572519085,140.9026717557252,165.0603053435115,0.21351145038167924,414837.7441874047,55580.20119770994,33.918350763358724,33.918350763358724,0.0,-1.427700000000001,-79.46370000000017,25.329498473282474,16.08368244274804,6.0,2.0,2.0,8.250442815003407,18.38167938931298,3.072519083969466,23.37195128205274,34.08186874999774,26.325848571428963,24.359605405407304,19.455026829268828,29.352579999998852,22.098244736841146,1,SECADORA DE MAIZ
41175730,1287541.5536723165,236.7203389830508,0.0,0.0,42.2915254237288,0.0,30.375706214689256,0.0,0.0,0.0,16.969491525423738,0.0,169.0604519774011,0.9510734463276829,140756.46021412432,47637.837890960465,14.15175649717515,14.15175649717515,0.0,-1.5969599999999997,-79.55210000000028,33.87007401129879,9.727018079095979,13.0,1.0,1.0,8.127385768985459,18.175141242937855,3.056497175141243,36.85277307692517,38.94516249999773,42.11005454545507,38.91038799999864,31.67197407407285,26.866314285713347,23.82264399999869,1,CULTIVOS AGRICOLAS
52071447,1298321.3085714285,129.02742857142852,130.69200000000006,130.58285714285714,0.2765714285714289,0.24171428571428585,0.26628571428571435,0.0,119.65142857142848,240.45942857142845,4.062857142857141,36.452571428571424,74.17257142857144,0.9344571428571439,213045.09178742865,37024.63565199998,40.68659142857138,40.68659142857138,0.0,-1.8085500000000025,-79.53960000000005,14.035627428572958,2.761241142857221,7.0,1.0,1.0,3.3688093055235333,18.502857142857142,2.9485714285714284,7.540425925927358,9.407820833336396,5.979788461538892,6.394304347828122,14.257533333334356,11.848732000001473,45.35393043478404,1,IGLESIA
52073194,1288969.0054347827,121.50543478260872,119.9554347826087,122.17880434782616,2.1255434782608695,2.007608695652173,1.9505434782608706,0.0,119.66847826086962,239.25326086956508,33.59184782608693,266.804347826087,206.20108695652166,0.44565217391304357,676463.1649788041,161421.39535489143,23.98963967391303,23.98963967391303,0.0,-1.805949999999997,-79.54279999999973,41.92297934782982,9.720117934782573,1.0,1.0,1.0,10.523035596627313,18.217391304347824,3.032608695652174,32.90251428571563,58.535708333326816,55.795424999999035,58.25307307692352,49.981721428580514,33.18772857143527,7.895619230783688,1,ENTIDAD PRIVADA
52073200,1297458.880382775,121.91052631578948,121.94066985645941,213.7578947368419,0.740191387559809,0.6287081339712919,0.0,0.0,180.04258373205735,772.377990430622,53.79138755980861,127.11435406698568,0.0,0.8935885167464109,487526.1561995213,214073.58115885168,16.178117703349265,16.178117703349265,0.0,-1.8087699999999969,-79.5434000000001,23.804863636365493,9.907946889952402,34.0,1.0,1.0,6.072909017461935,18.464114832535884,3.014354066985646,25.3996562500015,32.045722222220824,28.029928571428172,31.758160000003407,24.380443750003906,20.41083548387565,5.0586241379315995,1,CONCESIONARIA
52073218,1298803.7783505155,125.3551546391752,126.30567010309277,126.71494845360823,1.1067010309278356,0.9587628865979382,1.0041237113402064,0.0,240.38969072164963,119.81030927835046,22.46546391752576,224.52474226804134,128.10927835051544,0.9587628865979382,689057.8844618555,429213.0305077321,77.01958556701001,77.01958556701001,0.0,-1.799350000000003,-79.52859999999976,167.7600541237067,44.45547061855755,5.0,1.0,1.0,41.83697448165045,18.5,3.020618556701031,167.08487241378793,166.20181599999313,153.8161038461392,162.10817000000193,169.31087499999973,192.58161379310206,161.36698888888134,1,COMISARIATO
52073240,1298546.4307692307,128.28820512820513,129.70615384615382,130.554358974359,0.7887179487179482,0.8584615384615388,0.023589743589743587,0.0,240.66974358974363,119.70205128205136,30.598974358974328,209.86820512820518,29.102051282051285,0.9584102564102568,463177.8777625641,122982.81518923082,35.28993230769218,35.28993230769218,0.0,-1.798810000000003,-79.53100000000039,57.4575753846155,13.159533846154003,5.0,1.0,1.0,14.38946297082773,18.49230769230769,3.0256410256410255,54.30958620689665,60.293284000002316,65.53179999999702,58.9249366666656,50.94141034482665,68.353848275863,44.10295185185451,1,COMISARIATO
52073290,1283816.5942857142,129.81485714285716,128.63485714285713,129.84057142857137,0.770857142857143,0.476,0.3799999999999993,0.0,119.98914285714294,239.3051428571429,189.52114285714285,96.17600000000003,163.9234285714286,0.9268000000000012,528035.8670748572,158897.59303599998,19.729121142857178,19.729121142857178,0.0,-1.439249999999994,-79.46579999999996,39.56412457143256,0.00987428571430168,29.0,1.0,1.0,8.98101805886503,18.062857142857144,3.08,38.190778260863304,38.78193333333911,41.72950909090948,43.274428571439266,36.64383214285772,40.37671600000467,37.97556400001049,1,GASOLINERA
52073292,1299237.4708737864,128.60242718446597,129.11165048543688,129.8495145631068,0.3932038834951456,0.3606796116504856,0.31844660194174773,0.0,119.54077669902908,239.97281553398062,10.606796116504853,38.28252427184464,63.421359223300975,0.8883009708737861,1950.828069417476,59558.47006262134,0.8577640776699033,0.8577640776699033,0.0,-1.4445000000000037,-79.45759999999981,0.5500461165048492,0.25530339805824676,3.0,1.0,1.0,0.137030918175451,18.50485436893204,3.0679611650485437,0.6760733333333292,0.4889000000000054,0.3872076923076712,0.5096032258064395,0.4341090909090877,0.8083741935483886,0.5195034482758587,1,PILADORA
52073295,1289079.223350254,131.88984771573607,141.44111675126908,131.66852791878162,0.04213197969543145,0.1781725888324875,0.19441624365482274,0.0,123.91015228426392,240.34771573604073,35.43299492385787,59.63045685279188,209.46649746192895,0.8652284263959403,80219.9748390863,34918.58597360405,14.507202538071066,14.507202538071066,0.0,-1.5945300000000016,-79.72459999999967,9.337454822335037,3.7617365482233276,32.0,1.0,1.0,2.308568179157588,18.223350253807105,3.045685279187817,9.232672413792521,12.498019999999087,9.335223076923285,11.476456666666975,13.454200000001098,7.311686206896536,2.0216499999998114,1,FUMIGACION AEREA
52073302,1298964.917475728,130.00436893203883,129.0417475728155,129.99320388349517,0.5169902912621357,0.42718446601941784,0.21941747572815518,0.0,240.1179611650485,120.45291262135923,80.47718446601947,114.2315533980583,81.20679611650488,0.9205339805825234,279405.89885873784,9593.22583349515,33.6681762135923,33.6681762135923,0.0,-1.7986900000000035,-79.53009999999996,37.44609368932055,4.2453834951456,8.0,1.0,1.0,9.464721333431218,18.5,3.058252427184466,35.35966333333442,34.054523076920304,30.81602222222352,35.26408709677672,30.905196874995454,51.747967741938474,43.079834482759026,1,COMERCIAL
52073345,1290897.43575419,130.5944134078212,130.08491620111735,129.1011173184357,0.26145251396648045,0.26089385474860344,0.41117318435754197,0.0,120.68659217877095,240.20837988826818,27.720111731843584,27.223463687150836,223.2402234636871,0.9457541899441344,118573.07666480455,43690.72856424583,46.34915027932967,46.34915027932967,0.0,-1.7999300000000005,-79.52800000000015,17.29806256983239,6.546740782122993,7.0,1.0,1.0,4.308034087722547,18.273743016759777,3.0446927374301676,14.609738461538935,13.64407083333208,10.41445416666708,4.3272307692302725,10.851957692307433,13.323596296297318,53.25766923076914,1,IGLESIA
52073348,1291275.9942857143,128.2765714285714,129.45257142857145,127.60457142857153,1.418857142857142,1.3005714285714287,1.149714285714285,0.0,120.76400000000007,240.91885714285704,287.8599999999999,107.84914285714287,205.004,0.9753142857142848,834566.944793143,61323.30692571427,30.027007999999892,30.027007999999892,0.0,-1.4419200000000045,-79.46069999999976,84.2530685714313,0.5633765714287126,5.0,1.0,1.0,20.559835011361386,18.291428571428572,3.005714285714286,81.33354642857532,79.87871428570222,85.66726250000163,87.47381923078166,84.84439600000624,87.70631481482458,82.08252916666,1,COMISARIATO
52073352,1300363.6487804877,123.35707317073164,0.0,123.19756097560985,0.18682926829268334,0.0,0.32439024390243926,0.0,0.0,180.0341463414635,31.511219512195126,0.0,191.45317073170733,0.8637073170731708,123848.8543317073,25538.757063902445,19.27113073170733,19.27113073170733,0.0,-1.8042399999999943,-79.53490000000022,10.238112682926756,5.11294585365856,7.0,1.0,1.0,2.5654902618901847,18.541463414634148,3.0634146341463415,7.654046666666788,7.9775615384614165,8.630265384615296,8.60644516128964,8.662809374999597,9.543529032258272,20.604451724138425,1,IGLESIA
52073359,1290013.6137566138,121.92962962962962,0.0,121.92380952380954,0.09735449735449739,0.0,0.08994708994708994,0.0,0.0,180.08042328042322,7.919047619047622,0.0,41.103703703703694,0.8531746031746029,77836.5503417989,32370.216301587283,24.877769841269853,24.877769841269853,0.0,-1.799350000000003,-79.53679999999989,4.126930158730059,1.3774735449735966,36.0,1.0,1.0,1.035435537643784,18.25925925925926,2.947089947089947,1.05263103448268,0.9700599999999394,0.7347814814808468,1.8961285714285623,0.938658620688988,20.115285714285815,2.6883565217399537,1,SALON DE EVENTOS
52073382,1294198.4535519127,124.19617486338791,0.0,124.09016393442622,0.42076502732240423,0.0,0.5032786885245896,0.0,0.0,180.06448087431707,144.80054644808746,0.0,98.51857923497262,0.9673224043715838,367914.606374317,30172.247607650264,22.703718579234902,22.703718579234902,0.0,-1.80095,-79.53919999999974,19.381992896173983,0.15868469945361355,4.0,1.0,1.0,4.561106307646635,18.371584699453553,3.021857923497268,25.406080000000074,27.944127999998162,27.352454166667787,28.108543333331667,15.245692857139927,6.523942857145032,4.5167173913011895,1,ENTIDAD PUBLICA
53307859,1286002.1522842639,121.99187817258884,123.59289340101523,123.8106598984772,0.4700507614213197,0.4101522842639592,0.29492385786802067,0.0,119.50710659898478,240.3842639593907,270.91421319796956,102.6807106598984,195.63401015228425,0.9514213197969558,242663.18384619293,2061.6653771573606,38.4901091370558,38.4901091370558,0.0,-1.833669999999999,-79.60920000000033,53.14468527918677,0.49993654822335115,1.0,1.0,1.0,13.253845989754886,18.14213197969543,2.989847715736041,59.74655862068978,69.44524444444363,62.36464444444411,64.45246999999702,57.79461724137795,30.01444642857054,26.96160370370274,1,ENTIDAD PRIVADA
53307871,1287657.617142857,119.96000000000002,119.8542857142857,208.92971428571443,1.0777142857142845,0.8731428571428569,0.9805714285714275,0.0,180.12685714285718,795.9028571428571,22.380571428571418,192.18742857142863,74.78742857142859,0.809085714285715,253379.70958228587,181930.94736342863,25.695850285714325,25.695850285714325,0.0,-1.5445200000000026,-79.52820000000021,55.777147428572974,43.790641142857,1.0,1.0,1.0,13.354687319836806,18.18285714285714,3.005714285714286,65.98546400000225,76.39200000000314,69.73886400000309,77.6096000000003,64.90980000000262,23.60748076923035,6.720031818181848,1,ENTIDAD PRIVADA
53444735,1292608.4888059702,125.32910447761193,0.0,125.25932835820893,0.3201492537313437,0.0,0.2138059701492541,0.0,0.0,180.0451492537314,26.4526119402985,0.0,160.53656716417902,0.844514925373133,172775.5553216419,109813.47163507454,6.184475373134341,6.184475373134341,0.0,-1.7247499999999876,-79.51699999999985,7.8895492537317224,3.646133582089804,1.0,2.0,2.0,2.6041803324014907,18.324626865671643,3.029850746268657,8.038746341463128,9.252632352942086,9.14964722222309,10.327020512819917,9.070451282052836,4.7491804878049955,4.989894736842344,1,ENTIDAD PRIVADA
58706632,1287845.3262032086,115.38288770053477,0.0,458.84866310160413,0.5748663101604273,0.0,0.5647058823529411,0.0,0.0,209.5898395721927,77.46363636363633,0.0,134.65721925133684,0.9109625668449195,89022.76991229951,13487.828850802143,13.993510695187148,13.993510695187148,0.0,-1.8100200000000044,-79.54210000000019,18.297886096256697,0.9567914438502678,30.0,1.0,1.0,4.588830366043172,18.18716577540107,3.0106951871657754,20.242282758620448,20.978563999999313,21.415440000000526,20.78794230769171,18.411444444444324,23.31613571428638,3.125225925926417,1,LUBRICADORA
58706634,1291663.5783783784,120.04864864864861,0.0,120.27189189189193,2.0378378378378383,0.0,1.22054054054054,0.0,0.0,179.90702702702708,19.369189189189196,0.0,13.745405405405402,0.8043783783783793,419851.9688145948,172677.22748972982,4.406961081081075,4.406961081081075,0.0,-1.4483500000000034,-79.46789999999976,10.968489189190803,7.852644864865106,5.0,1.0,1.0,2.720338709758169,18.308108108108108,2.983783783783784,10.860444444447273,10.755484615380947,11.018285185189193,11.351337037038455,10.572332000001333,10.606929629633669,11.600796153847254,1,COMISARIATO
58706655,1289680.3206521738,123.37880434782613,0.0,123.40652173913053,1.8358695652173922,0.0,1.644021739130436,0.0,0.0,180.05543478260884,14.71358695652174,0.0,132.22717391304354,0.928967391304346,478751.26537771756,115746.24915923904,45.345790217391134,45.345790217391134,0.0,-1.7991799999999991,-79.53160000000015,59.367271195653935,16.117479347826347,4.0,1.0,1.0,14.878428525576556,18.23913043478261,3.0380434782608696,81.93371481482043,96.28723750000306,85.01854999999826,86.07790000000179,57.74957142857394,9.201362962963888,3.247026923076751,1,ENTIDAD PUBLICA
58706659,1293740.3846153845,122.10688259109317,0.0,121.98582995951415,0.9263157894736835,0.0,1.2878542510121462,0.0,0.0,180.06113360323874,44.945344129554655,0.0,167.66801619433195,0.994008097165992,694316.6463740893,96617.01201052635,21.949442105263152,21.949442105263152,0.0,-1.8001100000000048,-79.53849999999997,35.82227651821968,1.0583230769229315,17.0,2.0,2.0,11.941065629887907,18.356275303643724,3.048582995951417,32.958122857134526,36.846830303036384,36.05576969697281,36.67045945945712,37.21821081081116,35.78534054054841,35.16696571428661,1,CLINICA
58706662,1294739.5161290322,122.26967741935479,0.0,122.15741935483872,0.8787096774193546,0.0,1.389032258064515,0.0,0.0,180.09483870967742,16.707096774193552,0.0,184.58193548387106,0.9364516129032256,515655.5735890323,131954.86608774195,22.56137741935478,22.56137741935478,0.0,-1.808609999999994,-79.54140000000005,46.791332258065154,15.767766451613598,12.0,1.0,1.0,10.295723400592161,18.374193548387098,3.109677419354839,52.88177999999607,50.42113333333483,42.21677894737743,45.676983999996445,43.39147083333228,47.890566666666324,45.51658181818625,1,FARMACIA
58706663,1287477.8342541438,123.89502762430938,0.0,122.96464088397799,0.6508287292817678,0.0,0.7093922651933702,0.0,0.0,179.9651933701658,38.44364640883978,0.0,172.73977900552484,0.9348618784530389,476547.0650386739,145309.6667961326,40.078887845303875,40.078887845303875,0.0,-1.5905399999999996,-79.54390000000016,53.80740718232006,15.501777900552032,1.0,1.0,1.0,13.021950772326248,18.1878453038674,2.9613259668508287,54.229957142857266,57.25459999999963,60.01276799999876,57.94205384615298,41.70070740740738,65.33987999999896,40.92432800000068,1,ENTIDAD PRIVADA
58706704,1287945.323699422,131.1057803468208,131.39653179190753,126.51040462427743,0.6560693641618511,0.56936416184971,0.483236994219653,0.0,122.56473988439306,241.4190751445088,23.979768786127178,137.74335260115603,239.55260115606944,0.851040462427745,293382.70390867075,163941.28414624283,10.144786127167642,10.144786127167642,0.0,-1.6437500000000054,-79.80220000000007,30.2932485549134,18.922079768786013,1.0,1.0,1.0,7.235106746027222,18.196531791907514,3.005780346820809,37.61451538461439,31.032262499999586,26.637839130437225,27.35718461538916,27.898313043474563,29.83763076922892,31.063344000000505,1,ENTIDAD PRIVADA
58706706,1289610.0866336634,127.46435643564357,128.350495049505,129.60643564356437,1.4178217821782175,1.4049504950495066,1.567821782178219,0.0,119.2165841584158,239.97252475247535,17.798762376237622,117.0240099009901,234.01534653465316,0.9510643564356405,576036.5692732678,353987.56205198023,80.78389405940574,80.78389405940574,0.0,-1.4413599999999938,-79.46039999999995,94.03870396039738,25.319393811881426,5.0,1.0,1.0,46.12611749270079,18.242574257425744,2.995049504950495,90.9325096774189,98.95629272727423,84.40058148148064,93.00492203390124,91.63774385965397,97.28380333333237,101.8583035087744,1,COMISARIATO
58706740,1287948.790960452,131.86666666666665,132.7401129943503,133.3887005649717,1.2056497175141239,1.3338983050847457,1.3406779661016948,0.0,119.4841807909605,240.0988700564973,110.27570621468928,94.57514124293776,215.23502824858747,0.6861016949152541,78230.84053220344,42940.25182542373,77.42090790960461,77.42090790960461,0.0,-1.4299399999999944,-79.46030000000022,147.91224971751444,50.49629435028242,6.0,1.0,1.0,32.61071482092331,18.203389830508474,2.943502824858757,135.1707666666663,143.8207461538466,181.65722500000052,169.91512000000046,146.57850769230797,156.41188461538528,100.26593478260885,1,SECADORA DE MAIZ
59814806,1297606.9270833333,124.78593749999997,0.0,124.62916666666666,0.8052083333333341,0.0,0.8062500000000004,0.0,0.0,180.02031250000005,10.322395833333333,0.0,175.21666666666678,0.9683333333333336,300842.29985989584,61246.08037708329,16.022039062499974,16.022039062499974,0.0,-1.7987599999999997,-79.53000000000026,31.017052604165656,6.156647395833223,12.0,1.0,1.0,7.6634530675466594,18.458333333333332,3.0729166666666665,29.48739999999766,32.189372727269074,31.2404730769228,32.968428571432014,28.834436666666686,33.44034666666606,29.19857407406973,1,FARMACIA
